population,population_label,n_subjects,samples_per_subject,mean_square_between,mean_square_within,icc1
b_cell,B cell,656,3,9.966191126488937,10.60186530324351,-0.020393832945755117
cd8_t_cell,CD8+ T cell,656,3,21.466966092138087,22.031142872690143,-0.00860954100240529
cd4_t_cell,CD4+ T cell,656,3,24.7634714344583,25.567843217822904,-0.010597901293466638
nk_cell,NK cell,656,3,13.74599244351461,16.603940583651877,-0.060867143014134296
monocyte,Monocyte,656,3,17.73579965001959,19.390530856509013,-0.029278540360905946
