population,population_label,n_subjects,samples_per_subject,mean_square_between,mean_square_within,icc1
b_cell,B cell,656,3,9.9661911265,10.6018653032,-0.0203938329
cd8_t_cell,CD8+ T cell,656,3,21.4669660921,22.0311428727,-0.0086095410
cd4_t_cell,CD4+ T cell,656,3,24.7634714345,25.5678432178,-0.0105979013
nk_cell,NK cell,656,3,13.7459924435,16.6039405837,-0.0608671430
monocyte,Monocyte,656,3,17.7357996500,19.3905308565,-0.0292785404
