population,population_label,converged,n_observations,n_subjects,responder_effect,responder_std_error,responder_p_value,interaction_effect,interaction_std_error,interaction_ci_lower,interaction_ci_upper,interaction_p_value,variance_between_subjects,variance_residual,model_intraclass_correlation,responder_q_value,interaction_q_value,interaction_significant
b_cell,B cell,True,1968,656,0.2309363708,0.2294887703,0.3142674641,-0.0613862097,0.0253944624,-0.1111584415,-0.0116139779,0.0156358270,0.0000000000,10.3636240000,0.0000000000,0.5660559679,0.0781791349,False
cd8_t_cell,CD8+ T cell,True,1968,656,-0.2035081761,0.3333840458,0.5415759018,0.0202164877,0.0368911673,-0.0520888717,0.0925218470,0.5836895212,0.0000000000,21.8714910000,0.0000000000,0.6769698773,0.5836895212,False
cd4_t_cell,CD4+ T cell,True,1968,656,0.3414245955,0.3575540372,0.3396335807,0.0420174243,0.0395657380,-0.0355299972,0.1195648458,0.2882516281,0.0000000000,25.1577690000,0.0000000000,0.5660559679,0.5809899538,False
nk_cell,NK cell,True,1968,656,-0.0510384965,0.2818402694,0.8562968163,-0.0258833496,0.0311875048,-0.0870097359,0.0352430366,0.4065801076,0.0000000000,15.6312910000,0.0000000000,0.8562968163,0.5809899538,False
monocyte,Monocyte,True,1968,656,-0.3178142937,0.3095111674,0.3045021307,0.0250356473,0.0342494742,-0.0420920886,0.0921633832,0.4647919631,0.0000000000,18.8513040000,0.0000000000,0.5660559679,0.5809899538,False
