timepoint,n_responders,n_non_responders,alpha,power,minimum_detectable_cohens_d
0,331,325,0.0500000000,0.8000000000,0.2197744261
7,331,325,0.0500000000,0.8000000000,0.2197744261
14,331,325,0.0500000000,0.8000000000,0.2197744261
