population,population_label,n_samples_responders,n_samples_non_responders,n_subjects_responders,n_subjects_non_responders,hodges_lehmann_shift,u_statistic,rank_biserial,p_value,q_value,significant
b_cell,B cell,993,975,331,325,-0.2760533791,459971.0000000000,-0.0498184729,0.0557023097,0.1392557743,False
cd8_t_cell,CD8+ T cell,993,975,331,325,-0.0990615822,478176.0000000000,-0.0122116353,0.6390858847,0.6390858847,False
cd4_t_cell,CD4+ T cell,993,975,331,325,0.5730294968,515276.0000000000,0.0644274021,0.0133442188,0.0667210941,False
nk_cell,NK cell,993,975,331,325,-0.2815479777,464546.0000000000,-0.0403677021,0.1210507982,0.2017513303,False
monocyte,Monocyte,993,975,331,325,-0.2752022463,466510.0000000000,-0.0363105843,0.1631501327,0.2039376659,False
